freq_hz,mag_db,phase_deg
2000.01522945,-2.28625259366,162.560095602
2004.6252762,0.231454425805,168.179244065
2009.23532294,-0.642639996545,156.24919979
2013.89193582,0.10195216517,162.512998478
2018.50198256,0.0302069062375,160.554635266
2023.20516157,-0.650507584935,164.579613841
2027.86177444,0.116931970684,155.662005616
2032.51838731,0.854101767403,158.109887104
2037.22156632,-1.68962944281,164.441567367
2041.92474532,-0.501324461025,155.800742115
2046.62792432,0.590331327353,161.843066009
2051.37766945,1.52379589661,159.283440006
2056.08084846,1.26381143448,160.557904866
2060.83059359,-0.119148428807,165.548557896
2065.58033872,0.847616445305,161.185550311
2070.37664998,1.09241253626,155.915859246
2075.12639511,-0.420700118498,157.287771877
2079.92270637,0.883809735592,159.277024287
2084.71901763,-0.0302069062375,154.290756347
2089.51532889,-0.100592912898,159.904802947
2094.35820628,-0.222982154376,154.52913657
2099.20108367,1.53436473421,157.65620657
2104.04396106,-0.780691245717,152.234580831
2108.88683845,0.195957550501,159.257408506
2113.72971584,-0.493650086931,160.868539395
2118.61915936,0.106788545231,170.275523308
2123.50860288,1.55546251331,162.40824654
2128.39804639,-0.608775243642,154.610521662
2133.33405604,-1.2501081959,151.42590303
2138.27006569,0.715156254992,148.205222579
2143.20607533,0.872911388141,152.783443769
2148.14208498,-3.30588145261,163.389499435
2153.07809463,-2.14100651088,155.947748016
2158.0606704,0.844475408861,171.857651662
2163.04324618,1.28087571838,176.495927334
2168.02582195,0.409292358853,176.802838687
2173.00839773,-0.491271032873,163.504036347
2178.03753963,-1.20304613589,151.761241496
2183.06668154,-3.37598432435,167.429255283
2188.09582344,-0.0850352084106,149.097097079
2193.17153147,-0.365901625391,160.891287803
2198.20067338,2.04625192919,163.80602858
2203.27638141,0.839674209587,154.725560925
2208.39865557,0.0701535522349,160.696838838
2213.4743636,1.60155641393,163.039847978
2218.59663777,-0.900662049393,145.084359039
2223.71891193,1.67666459665,161.184566581
2228.84118609,-1.03064977313,169.475658268
2233.96346025,-1.72646418673,143.227144368
2239.13230054,0.463897950807,145.849242094
2244.30114083,-4.21621198147,153.643233775
2249.46998112,-0.634381670851,156.027362029
2254.68538754,-1.43855618768,165.986121976
2259.85422783,1.57899942211,150.438915678
2265.06963425,1.52565490249,157.142353234
2270.3316068,-2.08569939166,163.302172397
2275.54701322,-0.321058700335,160.159767099
2280.80898576,0.85659552473,158.834063497
2286.07095831,0.386300014348,159.431150192
2291.33293086,0.940719719976,161.00924416
2296.64146954,-0.140859720689,160.583071264
2301.90344208,1.00615748244,155.484379062
2307.25854689,-0.114578951169,161.898447423
2312.56708557,0.536830940555,149.16415831
2317.87562424,1.765870676,158.112698947
2323.23072905,-0.124572049536,163.247522091
2328.58583385,-1.25776234935,168.12946247
2333.98750479,1.34377604473,156.261761947
2339.34260959,0.531721694351,152.220216468
2344.74428053,1.52322639668,159.28255117
2350.19251759,-0.277864359207,162.951424863
2355.59418852,-1.81283741684,150.226697082
2361.04242559,-0.110356877901,154.950883354
2366.49066265,-0.984391593214,156.020350553
2371.93889971,-1.8608450984,151.276907993
2377.4337029,-1.53780182577,149.954134646
2382.88193997,-1.91179622329,160.341524372
2388.42330929,-0.846029315847,150.902194359
2393.91811248,-0.600587539381,154.142673622
2399.41291567,-0.937247029932,149.340821479
2404.95428499,0.126336725517,152.864994504
2410.54222044,-0.0269697475687,152.231417099
2416.08358976,-0.464785367837,150.91567491
2421.67152521,-0.348046945811,158.138135375
2427.25946066,-0.0678841789182,151.024968088
2432.84739611,-0.0167494601668,156.026109897
2438.48189768,1.56967486145,166.090404455
2444.06983313,-1.31817315379,165.279573023
2449.75090084,0.668618076777,152.588416385
2455.38540242,3.55976279755,157.284902671
2461.06647012,4.00498963628,154.021137442
2466.74753783,2.144125903,153.792341281
2472.42860554,0.102417181821,148.878442985
2478.10967324,-0.240448513852,156.12105606
2483.83730708,-1.74210185488,156.248352514
2489.56494091,-0.100239365421,144.476274428
2495.33914088,-0.245683069954,145.782334681
2501.06677471,-0.230909575423,149.804975849
2506.84097468,1.21468027067,143.719002435
2512.61517464,-0.321649483142,158.679284557
2518.43594073,0.930512266979,138.093304578
2524.25670683,0.808279505673,134.486769436
2530.07747292,2.64136119927,143.454332988
2535.89823901,3.46504577746,139.420555829
2541.76557123,4.62064564155,114.869041831
2547.63290345,2.46415392509,95.6060624954
2553.50023568,3.3348262077,95.8578164671
2559.41413403,1.5617979236,99.4502057593
2565.28146625,-6.10754408676,147.75930174
2571.24193073,-2.17577004878,41.3475385879
2577.15582908,4.00503700411,129.354629401
2583.11629355,-1.23802724641,142.862560305
2589.07675803,1.86769937589,-168.422407421
2595.03722251,4.5703838288,166.998107969
2601.04425312,-6.10050557655,162.05674749
2607.0047176,-3.36779364791,149.290520091
2613.05831434,2.61985733391,143.37887921
2619.06534494,-0.998976008392,170.918243693
2625.11894168,-1.36463652971,139.325509082
2631.17253842,-1.07645512214,148.24459509
2637.22613515,-0.275254171458,153.869231256
2643.32629802,2.55288644251,151.581818159
2649.42646088,-3.24404045927,178.160579851
2655.52662375,1.90507862865,169.330338876
2661.67335274,-2.70963861617,166.230134638
2667.82008174,-0.389677970006,162.686900463
2673.96681073,-1.25071584725,148.897599861
2680.16010585,-1.57929927307,154.289181792
2686.30683485,-0.239957322484,162.193971344
2692.50012997,-1.07865003517,148.788774027
2698.73999122,-2.75373186865,153.734755098
2704.97985247,-0.698125903934,156.436070376
2711.21971372,-1.19654251406,149.065507849
2717.45957497,-0.612993613009,148.889168823
2723.74600235,2.22443249711,156.14841977
2730.03242973,0.408683764545,149.634702151
2736.31885711,-0.529732920648,151.085900964
2742.65185062,-0.00906377334631,145.869221829
2748.938278,-1.28460451837,151.275644577
2755.31783764,-0.964324955353,149.538802961
2761.65083115,-2.08594294023,145.928353978
2768.03039079,-2.74573489647,152.953402882
2774.40995043,-4.1449031902,150.967715907
2780.83607619,-2.76153749523,146.382556101
2787.21563583,-3.98498912172,139.217056564
2793.68832772,-2.29115402284,148.291547879
2800.11445349,-2.70071619232,150.064328544
2806.58714539,-2.34255422248,139.638379525
2813.05983728,-0.45830080851,141.356558825
2819.53252918,-0.843167319361,138.157337023
2826.0517872,-2.88172342225,146.938832219
2832.57104522,-3.56946677203,144.407481104
2839.09030325,-2.40726460105,140.933203499
2845.6561274,-1.15958836508,141.545961336
2852.22195155,-0.413583742126,155.241537253
2858.78777571,-0.975258029295,144.883893432
2865.40016599,0.151883797149,149.468945228
2872.01255627,-4.69039750735,178.701563469
2878.62494655,-2.452999098,172.898324976
2885.28390296,1.15749777128,153.575685758
2891.94285937,1.43090898586,144.372424644
2898.60181578,1.14504826583,154.829915825
2905.30733832,-1.14491524728,165.513755754
2912.01286086,-2.75973081717,143.873220788
2918.7183834,-3.93181065518,154.445940906
2925.47047206,-0.300193045184,143.12121434
2932.22256073,1.36135012576,145.136646763
2938.9746494,-9.32491989377,169.027626188
2945.77330419,-9.51777887391,148.490276779
2952.57195899,0.712563191281,175.738434863
2959.37061379,0.600224248982,144.970651571
2966.21583471,-2.87304205487,159.908856774
2973.06105564,3.72063485797,-148.931373761
2979.90627656,-0.507156646184,152.003992412
2986.79806362,-1.31880879034,162.086978056
2993.68985067,-0.678514078929,144.305227899
3000.58163772,-2.30019573312,150.31944746
3007.51999091,-0.991935784042,146.912390941
3014.45834409,-0.429235817004,167.676863718
3021.39669727,0.858725726694,144.287124234
3028.38161658,0.262168598987,158.398278155
3035.36653589,0.488392345626,149.90906385
3042.3514552,0.111836632737,146.192473949
3049.38294064,-0.698545178453,146.018221686
3056.41442608,0.311537882952,142.525569207
3063.49247765,-1.90232293846,155.416024021
3070.57052922,-1.02243996213,146.930143152
3077.64858079,-0.676969252347,153.748197971
3084.72663236,-0.714982023009,160.831489837
3091.85125006,-1.43893539304,176.613765782
3098.97586775,-1.05908683982,143.376283947
3106.14705158,-0.187199801646,146.316734025
3113.31823541,0.239896536615,160.870170228
3120.48941923,-0.30483192618,141.619320577
3127.70716919,0.066834007994,153.647594283
3134.92491914,-0.628832563485,144.593435393
3142.1426691,-1.06486251645,140.29096292
3149.40698518,-1.85481870974,153.078614311
3156.67130127,-1.56994393833,132.960230224
3163.93561735,-2.10871786505,135.764247068
3171.24649956,0.23997932894,147.913096851
3178.55738177,-0.782657137005,153.489483879
3185.91483012,-0.199179939857,160.855150527
3193.27227846,-2.55730281824,141.63631688
3200.6297268,-3.33461164584,139.076982651
3207.98717514,-5.59388284457,151.73919926
3215.39118961,-0.857130676266,138.875403983
3222.84177021,0.179211381768,133.85998905
3230.24578468,0.467055644754,159.069861064
3237.69636528,3.51005750317,146.361302162
3245.193512,-1.27513633894,-175.564703644
3252.69065873,-3.85763010529,-27.2020393484
3260.18780546,3.62217869148,132.111676485
3267.68495219,9.69872359408,-157.451686134
3275.22866504,0.0574107524279,138.376572484
3282.81894403,1.65597093992,168.385272497
3290.36265688,-4.91334946866,133.024504648
3297.95293587,-7.06739980533,124.246819977
3305.58978098,-1.33115679135,129.003087409
3313.22662609,-0.635576726875,119.292524096
3320.86347121,-2.17554418043,133.026439767
3328.50031632,-4.32615275571,124.494483536
3336.18372756,2.93901232301,156.835265908
3343.91370494,-5.0975706213,-178.023680442
3351.59711618,1.30446297614,140.777895034
3359.32709355,3.35719854662,161.302231981
3367.10363705,-2.16581991138,161.080416544
3374.88018055,1.50107417483,128.254126139
3382.65672405,-0.444517296459,147.353708754
3390.47983368,-2.16433155778,142.183475739
3398.30294331,-1.00756890344,150.101886837
3406.12605293,-4.59283068587,149.876293147
3413.99572869,-2.29670453839,149.758355104
3421.86540445,-0.214629886906,155.656275637
3429.78164634,-2.19633172891,151.574936446
3437.69788822,0.436656763886,136.396020028
3445.61413011,-2.34241175427,150.761493278
3453.57693812,1.18351653932,151.620184956
3461.53974614,-1.13862348652,140.746700727
3469.50255415,-1.57267457791,138.485962873
3477.5119283,-0.892334037411,144.791014411
3485.56786857,0.0653424279045,134.87719425
3493.57724271,-2.03615125518,157.631711792
3501.63318298,-2.02751512232,159.032114256
3509.73568938,-3.71766940493,146.257512713
3517.83819579,-1.29919263716,151.619427852
3525.94070219,-1.08397012613,145.315509433
3534.08977472,-0.903991802449,145.282852966
3542.23884725,0.456145857603,147.689172173
3550.4344859,0.170070504359,152.04071444
3558.63012456,-1.11462643873,152.71926964
3566.82576322,0.938579123838,141.018810362
3575.06796801,-0.697570181853,153.465440848
3583.3101728,0.98822596505,147.959421252
3591.55237758,-1.04649240554,129.455237245
3599.8411485,-0.0682373101817,141.443582631
3608.17648554,-0.270153829672,146.083934334
3616.51182259,0.778810888493,152.780979051
3624.84715963,-2.90038474839,144.412260977
3633.18249668,0.735215527173,140.734183754
3641.56439985,0.187686151357,144.401029053
3649.99286915,4.12142547034,133.025744909
3658.42133846,0.581475297077,144.42302498
3666.84980776,1.37588195007,155.334822306
3675.32484319,0.131411454568,136.326347461
3683.79987862,-0.650728569953,146.639061839
3692.27491405,0.359538717474,136.721756268
3700.79651561,-0.815903482123,169.03335905
3709.3646833,-0.969124042933,153.869991026
3717.93285099,-0.64954563681,139.733870443
3726.50101868,1.13466021769,152.72557137
3735.06918637,0.65303105987,153.678193628
3743.73048631,-0.350972391404,155.263552894
3752.34522013,-0.712961682529,145.709094868
3761.00652007,0.500745622054,151.099699654
3769.66782002,-0.153965659752,146.443899651
3778.37568609,-1.98178339933,148.669354439
3787.08355217,0.712718573456,149.943818004
3795.83798437,-0.0250039932002,145.738651938
3804.59241658,-1.02823046541,146.911943464
3813.39341491,0.0374894913955,140.403234833
3822.19441324,1.38950641034,151.572100892
3830.99541157,0.855499328271,137.951472014
3839.84297603,-0.707211834231,148.850596814
3848.69054049,1.17009458435,148.727299363
3857.58467108,1.93871544843,139.077614849
3866.47880167,1.00593134058,147.571942263
3875.41949839,1.43013933465,152.263980447
3884.36019511,0.841787061848,137.190255039
3893.30089183,1.97573645553,140.643816842
3902.28815468,-0.220051432965,146.442372428
3911.32198365,0.131786675527,144.855257697
3920.3092465,1.33849070035,137.239716238
3929.3896416,2.272784858,146.953042297
3938.42347058,0.688079349863,147.925782272
3947.55043181,2.31047146302,140.567956723
3956.63082692,1.72090610716,123.952621617
3965.75778815,3.67695702554,136.004835546
3974.93131551,1.00650723188,139.313980386
3984.10484288,1.79582964697,146.813995051
3993.27837024,1.90914712386,133.840550538
4002.49846373,3.11313100953,143.565114385
4011.71855722,3.88180941458,134.98114239
4020.98521684,4.21542449235,128.418167534
4030.25187646,5.75271606377,119.050535317
4039.56510221,7.64574781595,135.741599537
4048.87832795,7.05295574563,96.7845680389
4058.23811983,6.42032422792,90.4135675083
4067.59791171,-4.65428138853,128.692392845
4077.00426971,17.5943361479,142.17530831
4086.41062772,3.1631208068,-91.5358977775
4095.81698573,-10.7910214573,117.85401207
4105.26990986,-6.54023301914,-27.3943090001
4114.76940012,-7.29021371068,89.7029069792
4124.22232426,-4.69211151482,148.262834829
4133.76838065,-3.83917554698,142.064380441
4143.31443704,-6.10212344959,138.616412353
4152.86049343,-5.73929941571,151.629590855
4162.45311596,-5.49222247235,140.766430555
4172.04573848,-3.9219460363,132.02325271
4181.68492713,-3.31698735206,138.634571961
4191.32411578,-3.73016777547,137.91376627
4201.00987055,-2.1133245144,136.729958229
4210.69562533,-4.47374918874,145.842000097
4220.42794624,-1.47199515722,137.171501403
4230.16026715,-3.89290990284,136.016759339
4239.89258805,-3.08302010624,147.032803611
4249.67147509,-1.19323876985,141.581890121
4259.49692825,-1.96710235391,145.078050615
4269.32238142,-2.74530193311,136.653296954
4279.19440071,-10.2936781065,144.803933006
4289.06642,-0.882058203883,153.327533342
4298.9384393,-3.8338270241,129.117322272
4308.85702472,-2.8813320067,143.860399295
4318.82217627,-3.17784375063,140.659630188
4328.78732782,-0.286397385263,144.578365784
4338.75247937,-2.50428890188,136.700833484
4348.76419705,-3.22080641906,141.316839598
4358.82248086,-3.21429529708,128.513395593
4368.88076467,-1.79049028834,117.660150347
4378.93904848,-1.82153552584,122.453034506
4389.04389841,-1.53387124805,152.369656408
4399.19531448,-4.37047943303,130.235347504
4409.34673054,-2.4599052629,131.570913376
4419.49814661,-3.38716143925,135.803191776
4429.6961288,-2.85671026993,141.725450635
4439.94067713,-0.183768806805,138.570362999
4450.18522545,-2.74506880611,123.370163018
4460.42977377,-2.36491792258,143.981041106
4470.72088823,-2.82674013989,153.972092723
4481.05856881,-0.697714061457,141.334534566
4491.39624939,-3.55095328217,141.406949534
4501.7804961,-3.9478691194,151.486227924
4512.16474281,-5.79781780955,142.259320174
4522.54898951,-3.05762722745,142.895713329
4532.97980235,-2.02241161271,134.435224154
4543.45718132,-1.99384283499,152.331587992
4553.93456029,-1.49746250962,141.548551251
4564.45850538,-2.78487167183,143.413025215
4574.98245048,0.0535682342867,139.891458881
4585.5529617,1.79586295734,149.666069301
4596.12347293,-2.11018240528,158.305154262
4606.74055028,-1.51073379858,145.279447365
4617.35762763,-1.34615994384,147.063902527
4628.02127111,-1.00479036692,146.564005546
4638.6849146,-2.63360607408,136.851596238
4649.39512421,-1.67716838946,142.337367575
4660.10533382,-5.20158619606,163.806236513
4670.86210956,-1.24363969124,137.237265416
4681.66545142,-1.83050682321,145.2555145
4692.46879329,-0.744314486524,155.784704795
4703.27213516,-0.538237608583,148.071507513
4714.12204316,-1.27695620557,149.010982534
4725.01851728,0.0719951661206,142.141213724
4735.91499141,-4.04696764061,142.103371744
4746.85803166,-1.04911406498,128.86980573
4757.80107192,-2.79526211091,144.000877468
4768.7906783,-0.986694708821,143.582764828
4779.78028468,0.554757917493,149.121874762
4790.81645719,-2.39593081202,129.337790539
4801.85262971,-2.34973515239,143.701213059
4812.93536835,-1.71939501941,134.503499646
4824.06467312,-2.91379007648,154.995585372
4835.19397789,-2.23335555717,140.95010992
4846.32328265,-0.440021857057,139.687721307
4857.54571968,-0.639022959129,139.340933024
4868.72159058,-0.14131163849,139.906699868
4879.99059374,-0.27044232614,151.828632132
4891.21303076,-2.80405277283,142.308920204
4902.52860005,-0.610101242908,147.72613859
4913.84416933,0.388865428556,130.846075319
4925.15973861,-0.8716738899,142.726409063
4936.52187403,-2.87149921608,134.242694411
4947.93057557,-4.33891087329,137.59033341
4959.33927711,-0.807168025504,104.604451585
4970.79454478,-1.34443011216,124.582026215
4982.24981245,-4.50778949205,140.698812345
4993.75164625,-3.66203120453,-176.446164489
5005.30004618,-1.85686357565,167.160872602
5016.84844611,-6.72768031854,169.960139386
5028.39684603,-3.67386798293,151.694452395
5039.99181209,-3.70624967712,119.577769592
5051.63334428,-8.98865421381,152.661352635
5063.27487646,-3.63822506184,143.125141159
5074.96297478,-1.1811921553,129.813031686
5086.69763922,-2.98687127188,125.941308293
5098.43230366,-8.12373494231,85.8192705664
5110.21353423,-0.639711038366,118.867387828
5121.99476481,-0.291885685591,120.130665007
5133.82256151,-0.220564156536,134.294664604
5145.65035821,-3.85524866298,157.356014763
5157.52472104,0.352059122688,138.081889337
5169.44564999,-2.86681415671,125.437683967
5181.36657895,-0.316966568045,142.481335186
5193.33407404,-2.77831135019,122.090894087
5205.30156912,-0.626490023564,131.223472587
5217.31563034,-0.721608731544,147.023574947
5229.32969155,0.495170201392,124.604910672
5241.3903189,-2.96477224988,139.369637204
5253.49751237,-0.704355136924,138.273975729
5265.65127197,-0.977968461797,125.906168584
5277.75846545,-3.40803396976,135.224940057
5289.95879118,-1.23086338502,138.23797146
5302.15911691,-3.63506208586,151.702041452
5314.40600877,-1.84008560998,138.056171866
5326.65290062,-1.55334085522,141.761916721
5338.94635861,-0.281961401647,140.192909818
5351.28638273,-1.97757606608,138.58010795
5363.62640685,-2.56699548866,148.324248339
5376.01299709,-1.97025007965,138.057972609
5388.39958734,-1.68888321848,132.854797025
5400.83274371,-2.98104443462,134.546133181
5413.31246621,-1.24945986438,132.54737974
5425.79218872,0.0316484771297,138.453327168
5438.31847735,-0.375521125882,132.099589558
5450.84476598,-2.32622705233,156.681393784
5463.46418687,-0.574562597388,121.425740038
5476.03704163,0.00328135421461,118.359453498
5488.70302865,-0.884722528334,116.020430782
5501.36901566,-0.161298752805,129.191903855
5514.03500268,-0.58657353615,152.320762079
5526.74755583,0.485328514982,127.360372628
5539.5066751,0.389417232166,138.597133257
5552.31236051,1.51915208528,133.366037167
5565.11804591,2.80519201134,136.824425859
5577.97029744,0.98040212376,121.779116293
5590.82254898,2.18754525248,129.091406129
5603.72136664,-0.129502238204,134.15245426
5616.66675043,1.80708977649,128.967653692
5629.61213422,1.3860809992,122.966264924
5642.60408414,2.39782828592,125.116552341
5655.64260018,3.85636645424,124.522509559
5668.68111623,2.44175389204,107.740272358
5681.76619841,4.91283703741,94.27123936
5694.89784671,0.143482167325,75.0172635917
5708.02949502,-5.63201240603,51.2901377978
5721.20770945,-4.12512204838,123.272641957
5734.38592389,-6.15181322697,113.799663271
5747.61070445,-3.12942183459,103.099799562
5760.88205114,-6.47043853419,135.831714073
5774.19996396,-10.3566358641,140.068093063
5787.51787678,-1.25883850279,131.403578738
5800.88235573,3.01852121558,144.81803052
5814.24683468,-6.8712686147,41.2209127737
5827.65787976,-4.59631011381,149.782867126
5841.11549096,-8.92551991504,159.708829148
5854.57310217,-14.0270338265,-175.743528994
5868.0772795,-2.41458767359,42.5609336369
5881.62802297,-4.42178110234,149.608882009
5895.22533256,-2.36596219433,134.141245585
5908.82264215,-5.69117399915,143.175875077
5922.46651787,-14.7012288917,62.7206928603
5936.11039359,0.51339623604,149.029759668
5949.80083545,-4.42001874544,174.863746531
5963.53784342,-4.49203404232,116.994446418
5977.32141753,-7.54736631548,135.113639607
5991.10499164,-0.148117221599,129.522457926
6004.93513188,-3.36556458284,127.919515392
6018.76527211,-3.43907705983,134.193769216
6032.68854461,-2.21617347047,115.246806134
6046.6118171,-1.57394582865,118.694927834
6060.53508959,-4.78131369842,130.597498594
6074.50492822,-6.76525204513,123.807962541
6088.52133297,-3.32250013508,137.636379877
6102.58430385,-3.3563402367,137.893053941
6116.69384085,-3.40652540941,134.971038421
6130.80337786,-1.70002693626,139.072060726
6144.959481,-3.19492676968,124.45343091
6159.11558414,-2.6459378203,126.222012691
6173.3182534,-3.17471150899,132.703093549
6187.5674888,-4.48713459717,126.061249246
6201.86329032,-2.60519743514,110.827632102
6216.15909185,-2.75125190674,122.785928154
6230.5014595,-4.64238393649,133.449878699
6244.89039328,-2.46905433354,133.640078855
6259.27932706,-2.81733978227,143.264155838
6273.7613931,-3.10748315753,126.266139356
6288.19689301,-1.66570293,138.981709313
6302.72552518,-0.84401026486,122.603736138
6317.25415735,-4.1409383231,122.440642507
6331.82935564,-4.58607722079,116.351407633
6346.45112007,-4.28048000767,130.217046773
6361.11945062,-3.34319557144,123.22704103
6375.78778117,-2.40279447958,126.471125067
6390.50267786,-2.84242158809,140.61359034
6405.26414067,-1.68042961954,113.025084412
6420.02560348,-1.97534251323,128.65938864
6434.83363242,-1.81303604294,132.567526036
6449.68822749,-3.67379876389,135.490949582
6464.58938868,-0.476768128509,122.995403754
6479.49054988,-2.10301286979,124.771999498
6494.43827721,-3.78539575714,117.411146683
6509.43257066,-3.94363864553,113.115916358
6524.42686412,-3.16883329775,117.664581299
6539.51428983,-2.62543953096,130.228900487
6554.60171554,-2.1518487903,125.361297437
6569.73570738,-5.87657239274,174.313459143
6584.86969922,-5.36898942691,152.381218163
6600.05025719,-1.2738997387,82.9808142147
6615.27738129,-9.02291829152,94.7307398849
6630.55107152,6.05369228261,135.546847641
6645.87132787,-7.53724798838,127.913889889
6661.19158423,4.81504870594,-136.754671302
6676.55840672,-13.2281925244,92.719195639
6691.97179533,-3.22374191725,111.643257115
6707.43175007,-2.40881662096,136.101176248
6722.89170481,-4.56402182529,99.848825328
6738.39822568,-2.86715622975,99.322675144
6753.95131268,-1.26009022593,121.580697061
6769.55096581,-2.96573788698,124.191570479
6785.15061894,-5.51657107627,117.910488762
6800.84340433,-1.48059410214,91.8835726975
6816.53618971,-2.98162559704,116.176964781
6832.2289751,-5.17429861614,120.946833718
6848.01489274,-1.2665987038,127.171077477
6863.80081039,-5.36598191431,140.325761732
6879.63329416,-2.82799451202,132.404777149
6895.51234406,-3.33855411682,114.396019213
6911.43796009,-3.98279056563,126.486404823
6927.41014225,-4.32311937421,144.158814753
6943.3823244,-6.02400078907,130.15696405
6959.40107269,-3.10714360905,121.079687093
6975.46638711,-1.94965734923,114.061147055
6991.53170152,-2.8946969433,120.022979615
7007.6901482,-1.72033410054,109.034043068
7023.84859487,-3.9535831459,118.257825129
7040.05360767,-1.76736066522,125.062981979
7056.3051866,-0.918169005344,135.794872209
7072.60333166,-6.77548543187,95.0899642448
7088.90147672,1.05643325597,119.195306291
7105.24618791,0.998419523846,133.777966372
7121.68403136,-4.11313803272,123.724977967
7138.1218748,-2.41342737943,124.442986016
7154.55971825,-0.10669820228,137.664735254
7171.09069395,-3.23470921818,128.164982547
7187.62166965,-10.9301433277,122.958948125
7204.19921149,-0.454193966282,116.791696431
7220.82331945,-18.1759205028,16.2895328269
7237.49399354,-2.49067625022,124.603711269
7254.21123376,-6.65262550438,162.381472167
7270.92847397,1.45216381099,118.42678567
7287.73884645,4.7347474422,163.562771679
7304.54921892,0.298238631387,10.5293547144
7321.40615753,4.85434939205,143.740200874
7338.26309613,-10.8852960993,106.894962622
7355.213167,-0.388443020728,90.6765054245
7372.20980399,5.73709013903,-62.0029460021
7389.20644098,2.1331740207,-77.6620548385
7406.2496441,-1.40059963689,127.97963453
7423.33941334,-1.58460585844,121.250258219
7440.47574872,-3.46626115129,127.519097284
7457.65865023,-2.74762693012,114.536866607
7474.84155173,-3.98591687633,114.185647528
7492.1175855,-1.51131474344,120.511903751
7509.39361926,-3.22872045536,118.987801574
7526.71621915,-8.41429592353,125.322705042
7544.08538517,-3.33694119557,117.755282541
7561.50111732,-5.38755021124,122.162147275
7578.9634156,-3.39429573828,123.380957104
7596.42571388,-5.31150513335,135.394393301
7613.98114441,-5.47335151435,134.954126119
7631.53657495,-6.12184610127,136.410350922
7649.13857161,-4.9287723486,175.241981905
7666.78713441,-2.22874830301,117.77398523
7684.48226333,-5.40995151422,122.074281352
7702.22395838,-4.10642733411,127.855393825
7719.96565343,-3.46521992966,118.164536457
7737.80048074,-3.48068841829,110.340032509
7755.63530804,-4.40114366445,107.255831363
7773.56326761,-3.67383710035,117.903135933
7791.49122718,-4.06266729619,133.4112514
7809.46575287,-5.05187916371,123.083383165
7827.48684469,-2.72687719959,127.739126054
7845.55450264,-2.00366169871,117.828890099
7863.66872673,-2.81714106842,115.484719402
7881.78295081,-3.08478849004,136.388862427
7899.99030714,-2.13141565332,141.173219053
7918.19766348,-1.34467127531,82.6689488323
7936.49815208,-4.15798057585,50.2205440362
7954.79864067,2.53320326942,149.773217247
7973.1456954,-1.71718186393,45.269434869
7991.53931625,-4.02939090539,118.051765747
8009.97950323,2.61466533855,119.800059044
8028.46625634,1.1308029057,115.430808926
8046.99957558,-6.11542560587,-176.503839245
8065.57946095,5.81329070849,94.7503025201
8084.20591245,-2.19724876929,93.6889128393
8102.83236394,10.6106897629,97.2250828362
8121.5519477,10.2633352122,67.3963305342
8140.27153145,0.60506920967,141.67831531
8159.08424746,-6.90222867088,101.176907464
8177.89696347,0.524627857244,134.658842776
8196.75624561,-0.0933959156977,104.777893773
8215.66209388,-3.64915845846,109.068401115
8234.66107441,-3.81456193273,122.403133292
8253.66005494,-3.92960791609,108.533024254
8272.70560159,-7.2426927855,130.6591289
8291.79771438,-5.11317670264,117.177567206
8310.88982716,-1.93619570366,125.666039995
8330.0750722,-3.29081603342,106.376356881
8349.30688337,-3.0637232841,136.556069203
8368.58526067,-1.31109574691,166.887727903
8387.9102041,-3.9415094145,93.0426992253
8407.23514753,-1.11646490769,65.5956624726
8426.65322321,-17.3362228253,-156.521468205
8446.0712989,3.13347953291,66.0743658426
8465.58250684,-2.26562815879,109.429763553
8485.09371478,-3.42620283155,94.7684493045
8504.69805498,-3.49569569389,130.655560645
8524.30239518,-1.14191017409,107.339820669
8543.99986764,-0.772407159061,175.297705742
8563.6973401,-0.360075801261,99.0664509544
8583.48794481,-3.26186252527,91.1230107426
8603.27854953,-5.66760332347,55.7232949062
8623.11572037,-0.687749535693,96.0607212693
8642.99945735,-2.68854332946,103.827508133
8662.97632658,-2.45379479669,151.801096263
8682.95319581,-4.41305282161,92.1119593187
8702.97663116,-4.09785041518,91.5897895333
8723.09319878,-11.0228212667,50.154475584
8743.2097664,-0.494872461061,176.43799125
8763.37290014,-4.4154116668,48.1773583923
8783.58260002,-11.1176952761,154.835481534
8803.88543215,10.7508652144,-36.2075618142
8824.18826428,19.8587345348,135.718333268
8844.53766254,8.13514141485,94.7300457026
8864.98019306,6.01179783933,114.907955999
8885.42272357,6.9473088779,76.543064984
8905.91182022,6.5465050739,60.7176017062
8926.447483,6.83510554984,-179.863447987
8947.07627803,-7.331699574,-4.80978204855
8967.70507306,-6.30288956643,50.1121321987
8988.42700035,-3.99470735844,115.941654849
9009.14892764,1.58455864366,170.402392064
9029.91742106,-20.1640006395,130.486860302
9050.77904674,-8.23718785947,-12.5822825234
9071.64067241,-4.46189573232,142.234081871
9092.59543035,-6.87211290183,86.4982271379
9113.55018828,-2.0523016677,140.594874827
9134.59807847,-10.6922715245,-168.555388716
9155.69253479,-2.06967640749,96.9669977781
9176.78699111,-0.885830456465,135.34849232
9197.97457969,-10.392673076,150.704966998
9219.20873439,1.59591563279,111.661328614
9240.48945523,-1.41143445365,160.405394252
9261.81674219,-9.49478735441,110.404854821
9283.19059528,-7.92003340521,131.94454509
9304.61101451,-6.97283271488,15.8161616481
9326.07799986,-6.54903684036,99.6166113188
9347.59155133,-4.73380167987,139.126740327
9369.15166894,-4.10872656848,126.694560441
9390.75835268,-2.96729980684,119.977684706
9412.45816867,-4.89209068728,127.040196984
9434.15798467,-8.17734048041,57.8513750487
9455.95093292,-2.6316084195,113.229035983
9477.74388117,-1.01315354177,99.1776540902
9499.62996168,-0.753855023539,60.8179446118
9521.56260831,-2.03179994151,46.4299017069
9543.54182108,5.2940755333,-164.498688766
9565.52103385,-0.166455559523,101.326226071
9587.639945,-2.24317731111,80.2549273787
9609.75885615,2.21511907836,154.992094506
9631.92433343,-10.7289754933,151.10258733
9654.13637684,-2.20477186718,158.956915437
9676.44155251,-6.01192452664,113.368982501
9698.74672818,-6.01681549887,167.207437887
9721.1450361,-5.18294483272,115.165760026
9743.54334402,-4.65026146565,97.5592157195
9766.03478421,-3.61085568911,95.8594272894
9788.57279052,-19.2859275043,116.318723842
9811.15736296,-4.8151205206,98.2666296681
9833.78850153,-6.58952549008,110.729336137
9856.51277235,-5.90981419078,97.4265652651
9879.23704318,-5.32612935494,109.883120749
9902.05444626,-5.41967941476,109.333552468
9924.87184934,-4.90605479577,103.01587217
9947.78238469,-7.47879148567,92.718229765
9970.73948615,-5.11094944752,108.048568386
9993.74315375,-4.5719203846,105.581249893
10016.7933875,-6.0881043031,103.706557276
10039.9367535,-6.47132730046,102.074650598
10063.0801194,-3.83579353307,108.982908263
10086.3166177,-6.40815619872,127.951386902
10109.5996821,-5.43579569903,113.363289449
10132.9293126,-4.13078304718,97.8754784836
10156.3055092,-4.75757925089,103.132800934
10179.7282719,-4.50411468178,107.564220367
10203.244167,-5.15145975725,128.116471998
10226.760062,-3.95258479735,119.089090307
10250.3690892,-4.49359498831,129.398158966
10274.0246826,-4.39546185618,102.690862414
10297.7268422,-6.26001686016,119.489500569
10321.4755678,-4.79123766264,97.4783948103
10345.3174258,-2.79261226055,107.701916063
10369.2058498,-5.46274292921,110.248339987
10393.0942738,-5.48926792637,118.283917963
10417.0758301,-6.46969370979,104.498276223
10441.1505187,-3.8125210345,100.404978252
10465.2252073,-4.7768794806,119.922039925
10489.3930281,-4.88575355359,105.890594372
10513.5608489,-4.14355930451,116.441310776
10537.821802,-5.51561459151,118.69423116
10562.1758873,-7.89920533989,135.185775729
10586.5299726,-5.48366692192,116.986686484
10610.9771902,-4.33707974215,96.7110370761
10635.4244078,-4.78760925144,108.041875387
10660.0113238,-5.82650396245,116.471587329
10684.5982398,-4.20431344473,120.875044575
10709.2317219,-5.64965566369,113.148266109
10733.9583362,-3.85030874495,109.677312434
10758.7315167,-3.05847155506,105.089892662
10783.5512633,-4.29879634818,110.50804202
10808.4175761,-6.26497526825,97.9740798008
10833.3770211,-3.37290379361,99.1247363736
10858.3830322,-4.95566397731,108.738612724
10883.4356095,-5.19417137171,110.42962912
10908.5347529,-6.45048035221,106.100431317
10933.7270285,-5.17296539019,114.518228543
10958.9658703,-4.19897938465,101.468506758
10984.2512782,-5.12313997985,131.35361225
11009.5832523,-6.88492033558,-49.8630435099
11034.9617924,-3.74441281088,97.562274645
11060.4334648,-5.34872696236,137.512103323
11085.9517034,-2.81416796184,107.907529026
11111.5630742,-4.50979131083,111.959320589
11137.174445,-7.97251889305,85.49586673
11162.8789481,-4.94065857763,109.392680651
11188.6300173,-5.7221485903,87.4885837312
11214.4742187,-5.26085255057,85.9795114761
11240.3649863,-5.33594413588,118.940855611
11266.30232,-3.18963523798,95.6878579854
11292.2862198,-5.30209255535,87.5678927704
11318.3632519,-4.43346898829,113.19509356
11344.440284,-6.06060430745,106.718849333
11370.6570145,-4.55174034719,102.936041006
11396.873745,-5.7779229445,116.3164971
11423.1836077,-8.58616353392,103.659922861
11449.5400366,-3.15309505525,95.6505250473
11475.9430316,-5.86213096548,134.600399903
11502.4391589,-5.36833562167,112.834663512
11528.9818522,-5.3651440883,99.4968508698
11555.5711117,-8.43644111811,91.8758452246
11582.2535035,-5.57986104714,106.888012595
11608.9824614,-3.53353870646,106.101648981
11635.7579854,-5.47992737826,104.875225362
11662.6266417,-6.77662347786,112.839785045
11689.5418641,-8.22172311699,142.889356325
11716.5036527,-6.99220606022,97.8116803803
11743.5120073,-3.63172102758,96.2972393058
11770.6134943,-0.500869287918,82.8497067163
11797.8081135,-8.18293541965,102.351186088
11825.0027326,-9.18930684592,96.0806429548
11852.2904841,-2.99318981559,95.1815188282
11879.6713678,-7.44667604951,91.0413919938
11907.0522515,-3.26175526396,88.826244992
11934.5262674,-7.84206757547,92.8672481335
11962.0934157,-5.98367459532,127.0584658
11989.70713,-6.21588326818,92.5658082483
12017.3674105,-3.07951089209,88.9189132815
12045.0742571,-7.93360329184,103.063782194
12072.8742359,-0.14955192942,119.638936212
12100.7207809,-3.79004783968,73.3078924838
12128.6604582,0.95983368552,79.2475292346
12156.6467015,13.2849454963,-79.9982462579
12184.679511,4.42353497799,-154.943608118
12212.8054528,-2.99730499234,72.1035640811
12240.9779607,-9.43639536126,68.2467252973
12269.2436008,-6.62349194557,46.4180617966
12297.5558071,-12.1553376951,114.476098765
12325.9145795,-1.61486476248,111.47943029
12354.3664842,-2.04505726715,106.204416227
12382.864955,1.10692534093,156.130533839
12411.456558,-9.09028680709,57.910291166
12440.0947272,-2.12739590747,162.049031341
12468.8260286,-0.839096006021,60.0989205063
12497.5573301,-0.0208518326475,89.6390172956
12526.4283299,-3.29468133126,170.556071393
12555.2993297,-7.0646719976,40.7878731376
12584.3100279,-2.63543021028,-125.078882625
12613.3207261,-1.64716439538,-23.3980056648
12642.4245566,-2.56221388287,128.445875957
12671.6215193,-1.07414156623,119.237966923
12700.8650481,-4.74903837366,70.3142968551
12730.1551431,-0.362936267721,147.533203285
12759.5383704,-0.741564328111,114.014051958
12788.9681637,-0.854221869277,140.912752751
12818.4910893,-10.4132387841,-9.5452262305
12848.0605811,-2.14805746301,98.5950054932
12877.7232051,4.73044962947,88.6681750798
12907.4323952,-6.62672229022,-167.322535628
12937.2347176,-1.74492551055,127.929175435
12967.0836062,-9.78608093833,24.0230017686
12996.9790608,-18.4910308608,134.744526803
13026.9676477,-2.76103826004,77.5321252331
13057.0493669,-6.46142063846,81.0244318244
13087.1776522,-2.85705082534,91.1015579697
13117.3525036,-0.456872729719,106.753743754
13147.6204873,-4.97859489001,111.679413743
13177.9816032,-5.87805520169,150.330327211
13208.3892853,-7.60521565662,81.9250503706
13238.8900996,-3.63075652563,113.157721474
13269.4374801,-5.52779347476,92.2413216194
13300.0314267,-19.0529550899,-78.6873285802
13330.7185055,-5.7962949547,-95.801162435
13361.4987166,-10.2385227772,167.140276172
13392.3254938,-4.76226914908,111.245354948
13423.2454033,-6.06012246647,34.4700320067
13454.2118789,-14.0811649399,82.8922305642
13485.2249207,-6.43015135864,59.8943484123
13516.3776608,-4.5894291897,96.1413576358
13547.5304009,-21.2524699028,117.750529476
13578.8228394,-1.40734463862,102.736570017
13610.1618441,-6.34785129034,116.12057862
13641.5474149,-5.03249699204,30.4777377655
13673.0261179,-6.737494529,65.8102549518
13704.5979532,-12.2621478079,40.6842686647
13736.2163546,-6.51539679219,119.881637294
13767.8813221,-2.7339735698,78.7441647714
13799.6859881,-10.2076685464,-149.276307092
13831.5372201,-2.79240706597,99.7956819251
13863.4350183,-4.65661754113,113.181610656
13895.4259488,-15.2455946406,56.3695696793
13927.5100115,-12.1147663167,91.4684597279
13959.6406403,-9.53193877613,109.991883048
13991.8178353,-4.26836623234,90.8762740156
14024.1347286,-6.24648923835,84.5135238015
14056.4981881,-4.04909118042,95.1336428634
14088.9082137,-5.34724970631,99.9402437029
14121.4579377,-6.29416630193,138.724033711
14154.0076617,-2.84557629347,81.3527517422
14186.697084,-9.05245192203,96.2208272228
14219.4330725,-3.29152878228,92.2561463533
14252.2156272,-13.6150302651,102.591718697
14285.1378802,-15.3306341188,143.603422815
14318.0601332,-0.280095090922,80.0676332371
14351.1220846,-14.8833192629,103.00574766
14384.2306022,-4.35734085381,137.173005427
14417.4322519,0.275075213333,90.990352172
14450.6804679,-15.6924379619,114.532171347
14484.021816,-7.47638222314,65.0367000173
14517.4562965,-3.87019683621,76.9976810045
14550.9839092,-10.6991779839,109.04742386
14584.558088,-8.7937859543,124.491021709
14618.178833,-4.33123473304,94.2565945507
14651.9392763,-5.5882974343,90.5288754922
14685.7462858,-8.16464806367,85.2648036399
14719.6464275,-3.29603745101,91.4206843879
14753.5931353,-5.11159434017,83.9655918106
14787.6329754,-5.21276688719,82.4697392705
14821.7659478,-7.7981229693,-169.518337907
14855.9454863,-1.53349837245,69.8647791818
14890.2647232,-4.58491664676,84.9858152633
14924.5839601,-5.42843832967,96.0575177006
14959.0428953,-7.60076116391,53.4200462489
14993.5483967,-2.20761705223,134.965942963
